{
"lengthUnit": "mil",
"components": {
	"fields": ["COMPONENT_NO", "COMPONENT_NAME", "LAYER", "X_COORDINATE", "Y_COORDINATE", "ANGLE"],
	"rows": [
		[1, "C1", "T", 1340, -465, 90],
		[2, "C2", "T", 1340, -615, 180],
		[3, "C3", "T", 1675, -1925, 0],
		[4, "C4", "T", 1675, -1855, 0],
		[5, "C5", "T", 1660, -490, 0],
		[6, "C6", "T", 2135, -385, 180],
		[7, "C7", "T", 1660, -560, 0],
		[8, "C8", "T", 1660, -420, 0],
		[9, "C9", "T", 75, -450, 270],
		[10, "C10", "T", 180, -415, 270],
		[11, "C11", "T", 1405, -1165, 0],
		[12, "CN1", "T", 2075, -2050, 0],
		[13, "CN2", "T", 1420, -2015, 0],
		[14, "CN3", "T", 880, -2015, 0],
		[15, "D1", "T", 1745, -755, 270],
		[16, "F1", "T", 1375, -705, 0],
		[17, "JP1", "T", 1385, -1270, 180],
		[18, "Q3", "T", 1515, -600, 90],
		[19, "Q4", "T", 1455, -830, 0],
		[20, "R1", "T", 1380, -1865, 270],
		[21, "R2", "T", 1320, -1865, 270],
		[22, "R3", "T", 1570, -790, 270],
		[23, "R4", "T", 1625, -790, 270],
		[24, "R5", "T", 1490, -1060, 180],
		[25, "R6", "T", 1580, -1045, 90],
		[26, "R7", "T", 1640, -1045, 90],
		[27, "RF1", "T", 440, -2060, 180],
		[28, "SW1", "T", 1655, -1825, 90],
		[29, "U1", "T", 750, -1065, 0],
		[30, "U5", "T", 1285.83, -163.78, 90],
		[31, "U6", "T", 1905, -485, 180],
		[32, "U8", "T", 2195, -1235, 90],
		[33, "U9", "T", 1560, -1270, 0]
	]
},
"pins": {
	"fields": ["PIN_NO", "PIN_NAME", "PIN_X", "PIN_Y", "LAYER", "PIN_TYPE", "NET_NAME", "NET_TYPE", "PAD_SHAPE", "PAD_SIZEX", "PAD_SIZEY", "HOLE_SIZE", "PAD_ANGLE"],
	"rows": [
		[1, "C1_1", 1340, -538.25, "T", "SMD", "$1N5099", "", "R", 59.3, 93.54, 0, 270],
		[2, "C1_2", 1340, -391.75, "T", "SMD", "GND", "GND", "R", 59.3, 93.54, 0, 270],
		[3, "C2_1", 1367.56, -615, "T", "SMD", "GND", "GND", "R", 31.5, 35.43, 0, 180],
		[4, "C2_2", 1312.44, -615, "T", "SMD", "$1N5099", "", "R", 31.5, 35.43, 0, 180],
		[5, "C3_1", 1647.44, -1925, "T", "SMD", "GND", "GND", "R", 31.5, 35.43, 0, 0],
		[6, "C3_2", 1702.56, -1925, "T", "SMD", "$1N4675", "", "R", 31.5, 35.43, 0, 0],
		[7, "C4_1", 1647.44, -1855, "T", "SMD", "GND", "GND", "R", 31.5, 35.43, 0, 0],
		[8, "C4_2", 1702.56, -1855, "T", "SMD", "$1N4675", "", "R", 31.5, 35.43, 0, 0],
		[9, "C5_1", 1632.44, -490, "T", "SMD", "GND", "GND", "R", 31.5, 35.43, 0, 0],
		[10, "C5_2", 1687.56, -490, "T", "SMD", "5V", "", "R", 31.5, 35.43, 0, 0],
		[11, "C6_1", 2162.56, -385, "T", "SMD", "GND", "GND", "R", 31.5, 35.43, 0, 180],
		[12, "C6_2", 2107.44, -385, "T", "SMD", "3V3", "", "R", 31.5, 35.43, 0, 180],
		[13, "C7_1", 1632.44, -560, "T", "SMD", "GND", "GND", "R", 31.5, 35.43, 0, 0],
		[14, "C7_2", 1687.56, -560, "T", "SMD", "5V", "", "R", 31.5, 35.43, 0, 0],
		[15, "C8_1", 1632.44, -420, "T", "SMD", "GND", "GND", "R", 31.5, 35.43, 0, 0],
		[16, "C8_2", 1687.56, -420, "T", "SMD", "3V3", "", "R", 31.5, 35.43, 0, 0],
		[17, "C9_1", 75, -376.75, "T", "SMD", "5V_ZVD", "", "R", 59.3, 93.54, 0, 90],
		[18, "C9_2", 75, -523.25, "T", "SMD", "GND", "GND", "R", 59.3, 93.54, 0, 90],
		[19, "C10_1", 180, -387.44, "T", "SMD", "5V_ZVD", "", "R", 31.5, 35.43, 0, 270],
		[20, "C10_2", 180, -442.56, "T", "SMD", "GND", "GND", "R", 31.5, 35.43, 0, 270],
		[21, "C11_1", 1377.44, -1165, "T", "SMD", "GND", "GND", "R", 31.5, 35.43, 0, 0],
		[22, "C11_2", 1432.56, -1165, "T", "SMD", "3V3", "", "R", 31.5, 35.43, 0, 0],
		[23, "CN1_1", 1976.58, -2050, "T", "DIP", "VIN", "", "C", 90.55, 90.55, 59.06, 0],
		[24, "CN1_1", 1976.58, -2050, "B", "DIP", "VIN", "", "C", 90.55, 90.55, 59.06, 0],
		[25, "CN1_2", 2173.43, -2050, "T", "DIP", "GND", "GND", "C", 90.55, 90.55, 59.06, 0],
		[26, "CN1_2", 2173.43, -2050, "B", "DIP", "GND", "GND", "C", 90.55, 90.55, 59.06, 0],
		[27, "CN2_1", 1577.5, -2015, "T", "DIP", "$1N4675", "", "C", 60, 60, 36, 180],
		[28, "CN2_1", 1577.5, -2015, "B", "DIP", "$1N4675", "", "C", 60, 60, 36, 180],
		[29, "CN2_2", 1498.7, -2015, "T", "DIP", "GND", "GND", "C", 60, 60, 36, 180],
		[30, "CN2_2", 1498.7, -2015, "B", "DIP", "GND", "GND", "C", 60, 60, 36, 180],
		[31, "CN2_3", 1420, -2015, "T", "DIP", "GPS_TX", "", "C", 60, 60, 36, 180],
		[32, "CN2_3", 1420, -2015, "B", "DIP", "GPS_TX", "", "C", 60, 60, 36, 180],
		[33, "CN2_4", 1341.2, -2015, "T", "DIP", "GPS_RX", "", "C", 60, 60, 36, 180],
		[34, "CN2_4", 1341.2, -2015, "B", "DIP", "GPS_RX", "", "C", 60, 60, 36, 180],
		[35, "CN2_5", 1262.5, -2015, "T", "DIP", "GPS_PPS", "", "C", 60, 60, 36, 180],
		[36, "CN2_5", 1262.5, -2015, "B", "DIP", "GPS_PPS", "", "C", 60, 60, 36, 180],
		[37, "CN3_1", 1037.5, -2015, "T", "DIP", "5V", "", "C", 60, 60, 36, 180],
		[38, "CN3_1", 1037.5, -2015, "B", "DIP", "5V", "", "C", 60, 60, 36, 180],
		[39, "CN3_2", 958.7, -2015, "T", "DIP", "3V3", "", "C", 60, 60, 36, 180],
		[40, "CN3_2", 958.7, -2015, "B", "DIP", "3V3", "", "C", 60, 60, 36, 180],
		[41, "CN3_3", 880, -2015, "T", "DIP", "GND", "GND", "C", 60, 60, 36, 180],
		[42, "CN3_3", 880, -2015, "B", "DIP", "GND", "GND", "C", 60, 60, 36, 180],
		[43, "CN3_4", 801.2, -2015, "T", "DIP", "RPI_SDA1", "", "C", 60, 60, 36, 180],
		[44, "CN3_4", 801.2, -2015, "B", "DIP", "RPI_SDA1", "", "C", 60, 60, 36, 180],
		[45, "CN3_5", 722.5, -2015, "T", "DIP", "RPI_SCL1", "", "C", 60, 60, 36, 180],
		[46, "CN3_5", 722.5, -2015, "B", "DIP", "RPI_SCL1", "", "C", 60, 60, 36, 180],
		[47, "D1_1", 1745, -662.06, "T", "SMD", "5V", "", "R", 80.61, 86.31, 0, 270],
		[48, "D1_2", 1745, -847.94, "T", "SMD", "GND", "GND", "R", 80.61, 86.31, 0, 270],
		[49, "F1_1", 1318.11, -705, "T", "SMD", "$1N5099", "", "R", 46.85, 68.03, 0, 0],
		[50, "F1_2", 1431.89, -705, "T", "SMD", "5V", "", "R", 46.85, 68.03, 0, 0],
		[51, "JP1_1", 1411, -1270, "T", "SMD", "$1N7476", "", "R", 56, 45, 0, 270],
		[52, "JP1_2", 1359, -1270, "T", "SMD", "GND", "GND", "R", 56, 45, 0, 270],
		[53, "Q3_1", 1552.4, -560.63, "T", "SMD", "$1N7907", "", "R", 49.21, 27.56, 0, 90],
		[54, "Q3_2", 1477.6, -560.63, "T", "SMD", "5V_ZVD", "", "R", 49.21, 27.56, 0, 90],
		[55, "Q3_3", 1515, -639.37, "T", "SMD", "5V", "", "R", 49.21, 27.56, 0, 90],
		[56, "Q4_1", 1508.15, -867.4, "T", "SMD", "$1N7885", "", "R", 43.31, 23.62, 0, 0],
		[57, "Q4_2", 1508.15, -830, "T", "SMD", "$1N7885", "", "R", 43.31, 23.62, 0, 0],
		[58, "Q4_3", 1508.15, -792.6, "T", "SMD", "$1N7885", "", "R", 43.31, 23.62, 0, 0],
		[59, "Q4_4", 1401.85, -792.6, "T", "SMD", "$1N7907", "", "R", 43.31, 23.62, 0, 0],
		[60, "Q4_5", 1401.85, -830, "T", "SMD", "5V_ZVD", "", "R", 43.31, 23.62, 0, 0],
		[61, "Q4_6", 1401.85, -867.4, "T", "SMD", "5V", "", "R", 43.31, 23.62, 0, 0],
		[62, "R1_1", 1380, -1835.34, "T", "SMD", "RPI_RXD0", "", "R", 31.75, 34.02, 0, 270],
		[63, "R1_2", 1380, -1894.66, "T", "SMD", "GPS_TX", "", "R", 31.75, 34.02, 0, 270],
		[64, "R2_1", 1320, -1835.34, "T", "SMD", "RPI_TXD0", "", "R", 31.75, 34.02, 0, 270],
		[65, "R2_2", 1320, -1894.66, "T", "SMD", "GPS_RX", "", "R", 31.75, 34.02, 0, 270],
		[66, "R3_1", 1570, -760.34, "T", "SMD", "$1N7885", "", "R", 31.75, 34.02, 0, 270],
		[67, "R3_2", 1570, -819.66, "T", "SMD", "GND", "GND", "R", 31.75, 34.02, 0, 270],
		[68, "R4_1", 1625, -760.34, "T", "SMD", "$1N7907", "", "R", 31.75, 34.02, 0, 270],
		[69, "R4_2", 1625, -819.66, "T", "SMD", "GND", "GND", "R", 31.75, 34.02, 0, 270],
		[70, "R5_1", 1519.66, -1060, "T", "SMD", "$1N7476", "", "R", 31.75, 34.02, 0, 180],
		[71, "R5_2", 1460.34, -1060, "T", "SMD", "3V3", "", "R", 31.75, 34.02, 0, 180],
		[72, "R6_1", 1580, -1074.66, "T", "SMD", "RPI_IO1", "", "R", 31.75, 34.02, 0, 90],
		[73, "R6_2", 1580, -1015.34, "T", "SMD", "3V3", "", "R", 31.75, 34.02, 0, 90],
		[74, "R7_1", 1640, -1074.66, "T", "SMD", "RPI_IO0", "", "R", 31.75, 34.02, 0, 90],
		[75, "R7_2", 1640, -1015.34, "T", "SMD", "3V3", "", "R", 31.75, 34.02, 0, 90],
		[76, "RF1_1", 540, -2160, "T", "DIP", "GND", "GND", "C", 98.42, 98.42, 59.06, 180],
		[77, "RF1_1", 540, -2160, "B", "DIP", "GND", "GND", "C", 98.42, 98.42, 59.06, 180],
		[78, "RF1_2", 340, -2160, "T", "DIP", "GND", "GND", "C", 98.42, 98.42, 59.06, 180],
		[79, "RF1_2", 340, -2160, "B", "DIP", "GND", "GND", "C", 98.42, 98.42, 59.06, 180],
		[80, "RF1_3", 340, -1960, "T", "DIP", "GND", "GND", "C", 98.42, 98.42, 59.06, 180],
		[81, "RF1_3", 340, -1960, "B", "DIP", "GND", "GND", "C", 98.42, 98.42, 59.06, 180],
		[82, "RF1_4", 540, -1960, "T", "DIP", "GND", "GND", "C", 98.42, 98.42, 59.06, 180],
		[83, "RF1_4", 540, -1960, "B", "DIP", "GND", "GND", "C", 98.42, 98.42, 59.06, 180],
		[84, "RF1_5", 440, -2060, "T", "DIP", "$1N5408", "", "C", 98.42, 98.42, 59.06, 180],
		[85, "RF1_5", 440, -2060, "B", "DIP", "$1N5408", "", "C", 98.42, 98.42, 59.06, 180],
		[86, "SW1_1", 1615.63, -1746.26, "T", "SMD", "3V3", "", "R", 39.37, 78.74, 0, 90],
		[87, "SW1_2", 1615.69, -1647.75, "T", "SMD", "$1N4675", "", "R", 39.37, 78.74, 0, 90],
		[88, "SW1_3", 1615.63, -1549.41, "T", "SMD", "5V", "", "R", 39.37, 78.74, 0, 90],
		[89, "SW1_4", 1391.28, -1746.18, "T", "SMD", "3V3", "", "R", 39.37, 78.74, 0, 90],
		[90, "SW1_5", 1391.34, -1647.68, "T", "SMD", "$1N4675", "", "R", 39.37, 78.74, 0, 90],
		[91, "SW1_6", 1391.28, -1549.33, "T", "SMD", "5V", "", "R", 39.37, 78.74, 0, 90],
		[92, "U1_1", 1208.66, -1664.21, "T", "SMD", "GND", "GND", "R", 59.05, 86.61, 0, 90],
		[93, "U1_2", 1208.66, -1564.21, "T", "SMD", "GND", "GND", "R", 59.05, 86.61, 0, 90],
		[94, "U1_3", 1208.66, -1464.21, "T", "SMD", "GND", "GND", "R", 59.05, 86.61, 0, 90],
		[95, "U1_4", 1208.66, -1165, "T", "SMD", "GND", "GND", "R", 59.05, 86.61, 0, 90],
		[96, "U1_5", 1208.66, -1065, "T", "SMD", "GND", "GND", "R", 59.05, 86.61, 0, 90],
		[97, "U1_6", 1208.66, -965, "T", "SMD", "E22_RXEN", "", "R", 59.05, 86.61, 0, 90],
		[98, "U1_7", 1208.66, -865, "T", "SMD", "E22_TXEN", "", "R", 59.05, 86.61, 0, 90],
		[99, "U1_8", 1208.66, -765, "T", "SMD", "U1_8", "", "R", 59.05, 86.61, 0, 90],
		[100, "U1_9", 1208.66, -665, "T", "SMD", "$1N5099", "", "R", 59.05, 86.61, 0, 90],
		[101, "U1_10", 1208.66, -565, "T", "SMD", "$1N5099", "", "R", 59.05, 86.61, 0, 90],
		[102, "U1_11", 1208.66, -465, "T", "SMD", "GND", "GND", "R", 59.05, 86.61, 0, 90],
		[103, "U1_12", 291.34, -465, "T", "SMD", "GND", "GND", "R", 59.05, 86.61, 0, 90],
		[104, "U1_13", 291.34, -565, "T", "SMD", "E22_DIO1", "", "R", 59.05, 86.61, 0, 90],
		[105, "U1_14", 291.34, -665, "T", "SMD", "E22_BUSY", "", "R", 59.05, 86.61, 0, 90],
		[106, "U1_15", 291.34, -765, "T", "SMD", "E22_RST", "", "R", 59.05, 86.61, 0, 90],
		[107, "U1_16", 291.34, -865, "T", "SMD", "E22_MISO", "", "R", 59.05, 86.61, 0, 90],
		[108, "U1_17", 291.34, -965, "T", "SMD", "E22_MOSI", "", "R", 59.05, 86.61, 0, 90],
		[109, "U1_18", 291.34, -1065, "T", "SMD", "E22_SCK", "", "R", 59.05, 86.61, 0, 90],
		[110, "U1_19", 291.34, -1165, "T", "SMD", "E22_NSS", "", "R", 59.05, 86.61, 0, 90],
		[111, "U1_20", 291.34, -1465, "T", "SMD", "GND", "GND", "R", 59.05, 86.61, 0, 90],
		[112, "U1_21", 291.34, -1565, "T", "SMD", "$1N5408", "", "R", 59.05, 86.61, 0, 90],
		[113, "U1_22", 291.34, -1665, "T", "SMD", "GND", "GND", "R", 59.05, 86.61, 0, 90],
		[114, "U5_1", 335.83, -213.78, "T", "DIP", "U5_1", "", "C", 74, 74, 40, 0],
		[115, "U5_1", 335.83, -213.78, "B", "DIP", "U5_1", "", "C", 74, 74, 40, 0],
		[116, "U5_2", 335.83, -113.78, "T", "DIP", "5V_ZVD", "", "C", 74, 74, 40, 0],
		[117, "U5_2", 335.83, -113.78, "B", "DIP", "5V_ZVD", "", "C", 74, 74, 40, 0],
		[118, "U5_3", 435.83, -213.78, "T", "DIP", "RPI_SDA1", "", "C", 74, 74, 40, 0],
		[119, "U5_3", 435.83, -213.78, "B", "DIP", "RPI_SDA1", "", "C", 74, 74, 40, 0],
		[120, "U5_4", 435.83, -113.78, "T", "DIP", "5V_ZVD", "", "C", 74, 74, 40, 0],
		[121, "U5_4", 435.83, -113.78, "B", "DIP", "5V_ZVD", "", "C", 74, 74, 40, 0],
		[122, "U5_5", 535.83, -213.78, "T", "DIP", "RPI_SCL1", "", "C", 74, 74, 40, 0],
		[123, "U5_5", 535.83, -213.78, "B", "DIP", "RPI_SCL1", "", "C", 74, 74, 40, 0],
		[124, "U5_6", 535.83, -113.78, "T", "DIP", "GND", "GND", "C", 74, 74, 40, 0],
		[125, "U5_6", 535.83, -113.78, "B", "DIP", "GND", "GND", "C", 74, 74, 40, 0],
		[126, "U5_7", 635.83, -213.78, "T", "DIP", "RPI_IO4", "", "C", 74, 74, 40, 0],
		[127, "U5_7", 635.83, -213.78, "B", "DIP", "RPI_IO4", "", "C", 74, 74, 40, 0],
		[128, "U5_8", 635.83, -113.78, "T", "DIP", "RPI_TXD0", "", "C", 74, 74, 40, 0],
		[129, "U5_8", 635.83, -113.78, "B", "DIP", "RPI_TXD0", "", "C", 74, 74, 40, 0],
		[130, "U5_9", 735.83, -213.78, "T", "DIP", "GND", "GND", "C", 74, 74, 40, 0],
		[131, "U5_9", 735.83, -213.78, "B", "DIP", "GND", "GND", "C", 74, 74, 40, 0],
		[132, "U5_10", 735.83, -113.78, "T", "DIP", "RPI_RXD0", "", "C", 74, 74, 40, 0],
		[133, "U5_10", 735.83, -113.78, "B", "DIP", "RPI_RXD0", "", "C", 74, 74, 40, 0],
		[134, "U5_11", 835.83, -213.78, "T", "DIP", "RPI_IO17", "", "C", 74, 74, 40, 0],
		[135, "U5_11", 835.83, -213.78, "B", "DIP", "RPI_IO17", "", "C", 74, 74, 40, 0],
		[136, "U5_12", 835.83, -113.78, "T", "DIP", "E22_RST", "", "C", 74, 74, 40, 0],
		[137, "U5_12", 835.83, -113.78, "B", "DIP", "E22_RST", "", "C", 74, 74, 40, 0],
		[138, "U5_13", 935.83, -213.78, "T", "DIP", "RPI_IO27", "", "C", 74, 74, 40, 0],
		[139, "U5_13", 935.83, -213.78, "B", "DIP", "RPI_IO27", "", "C", 74, 74, 40, 0],
		[140, "U5_14", 935.83, -113.78, "T", "DIP", "GND", "GND", "C", 74, 74, 40, 0],
		[141, "U5_14", 935.83, -113.78, "B", "DIP", "GND", "GND", "C", 74, 74, 40, 0],
		[142, "U5_15", 1035.83, -213.78, "T", "DIP", "RPI_IO22", "", "C", 74, 74, 40, 0],
		[143, "U5_15", 1035.83, -213.78, "B", "DIP", "RPI_IO22", "", "C", 74, 74, 40, 0],
		[144, "U5_16", 1035.83, -113.78, "T", "DIP", "GPS_PPS", "", "C", 74, 74, 40, 0],
		[145, "U5_16", 1035.83, -113.78, "B", "DIP", "GPS_PPS", "", "C", 74, 74, 40, 0],
		[146, "U5_17", 1135.83, -213.78, "T", "DIP", "U5_17", "", "C", 74, 74, 40, 0],
		[147, "U5_17", 1135.83, -213.78, "B", "DIP", "U5_17", "", "C", 74, 74, 40, 0],
		[148, "U5_18", 1135.83, -113.78, "T", "DIP", "RPI_IO24", "", "C", 74, 74, 40, 0],
		[149, "U5_18", 1135.83, -113.78, "B", "DIP", "RPI_IO24", "", "C", 74, 74, 40, 0],
		[150, "U5_19", 1235.83, -213.78, "T", "DIP", "E22_MOSI", "", "C", 74, 74, 40, 0],
		[151, "U5_19", 1235.83, -213.78, "B", "DIP", "E22_MOSI", "", "C", 74, 74, 40, 0],
		[152, "U5_20", 1235.83, -113.78, "T", "DIP", "GND", "GND", "C", 74, 74, 40, 0],
		[153, "U5_20", 1235.83, -113.78, "B", "DIP", "GND", "GND", "C", 74, 74, 40, 0],
		[154, "U5_21", 1335.83, -213.78, "T", "DIP", "E22_MISO", "", "C", 74, 74, 40, 0],
		[155, "U5_21", 1335.83, -213.78, "B", "DIP", "E22_MISO", "", "C", 74, 74, 40, 0],
		[156, "U5_22", 1335.83, -113.78, "T", "DIP", "RPI_IO25", "", "C", 74, 74, 40, 0],
		[157, "U5_22", 1335.83, -113.78, "B", "DIP", "RPI_IO25", "", "C", 74, 74, 40, 0],
		[158, "U5_23", 1435.83, -213.78, "T", "DIP", "E22_SCK", "", "C", 74, 74, 40, 0],
		[159, "U5_23", 1435.83, -213.78, "B", "DIP", "E22_SCK", "", "C", 74, 74, 40, 0],
		[160, "U5_24", 1435.83, -113.78, "T", "DIP", "RPI_IO8", "", "C", 74, 74, 40, 0],
		[161, "U5_24", 1435.83, -113.78, "B", "DIP", "RPI_IO8", "", "C", 74, 74, 40, 0],
		[162, "U5_25", 1535.83, -213.78, "T", "DIP", "GND", "GND", "C", 74, 74, 40, 0],
		[163, "U5_25", 1535.83, -213.78, "B", "DIP", "GND", "GND", "C", 74, 74, 40, 0],
		[164, "U5_26", 1535.83, -113.78, "T", "DIP", "RPI_IO7", "", "C", 74, 74, 40, 0],
		[165, "U5_26", 1535.83, -113.78, "B", "DIP", "RPI_IO7", "", "C", 74, 74, 40, 0],
		[166, "U5_27", 1635.83, -213.78, "T", "DIP", "RPI_IO0", "", "C", 74, 74, 40, 0],
		[167, "U5_27", 1635.83, -213.78, "B", "DIP", "RPI_IO0", "", "C", 74, 74, 40, 0],
		[168, "U5_28", 1635.83, -113.78, "T", "DIP", "RPI_IO1", "", "C", 74, 74, 40, 0],
		[169, "U5_28", 1635.83, -113.78, "B", "DIP", "RPI_IO1", "", "C", 74, 74, 40, 0],
		[170, "U5_29", 1735.83, -213.78, "T", "DIP", "RPI_IO5", "", "C", 74, 74, 40, 0],
		[171, "U5_29", 1735.83, -213.78, "B", "DIP", "RPI_IO5", "", "C", 74, 74, 40, 0],
		[172, "U5_30", 1735.83, -113.78, "T", "DIP", "GND", "GND", "C", 74, 74, 40, 0],
		[173, "U5_30", 1735.83, -113.78, "B", "DIP", "GND", "GND", "C", 74, 74, 40, 0],
		[174, "U5_31", 1835.83, -213.78, "T", "DIP", "RPI_IO6", "", "C", 74, 74, 40, 0],
		[175, "U5_31", 1835.83, -213.78, "B", "DIP", "RPI_IO6", "", "C", 74, 74, 40, 0],
		[176, "U5_32", 1835.83, -113.78, "T", "DIP", "E22_RXEN", "", "C", 74, 74, 40, 0],
		[177, "U5_32", 1835.83, -113.78, "B", "DIP", "E22_RXEN", "", "C", 74, 74, 40, 0],
		[178, "U5_33", 1935.83, -213.78, "T", "DIP", "E22_TXEN", "", "C", 74, 74, 40, 0],
		[179, "U5_33", 1935.83, -213.78, "B", "DIP", "E22_TXEN", "", "C", 74, 74, 40, 0],
		[180, "U5_34", 1935.83, -113.78, "T", "DIP", "GND", "GND", "C", 74, 74, 40, 0],
		[181, "U5_34", 1935.83, -113.78, "B", "DIP", "GND", "GND", "C", 74, 74, 40, 0],
		[182, "U5_35", 2035.83, -213.78, "T", "DIP", "RPI_IO19", "", "C", 74, 74, 40, 0],
		[183, "U5_35", 2035.83, -213.78, "B", "DIP", "RPI_IO19", "", "C", 74, 74, 40, 0],
		[184, "U5_36", 2035.83, -113.78, "T", "DIP", "E22_DIO1", "", "C", 74, 74, 40, 0],
		[185, "U5_36", 2035.83, -113.78, "B", "DIP", "E22_DIO1", "", "C", 74, 74, 40, 0],
		[186, "U5_37", 2135.83, -213.78, "T", "DIP", "RPI_IO26", "", "C", 74, 74, 40, 0],
		[187, "U5_37", 2135.83, -213.78, "B", "DIP", "RPI_IO26", "", "C", 74, 74, 40, 0],
		[188, "U5_38", 2135.83, -113.78, "T", "DIP", "E22_BUSY", "", "C", 74, 74, 40, 0],
		[189, "U5_38", 2135.83, -113.78, "B", "DIP", "E22_BUSY", "", "C", 74, 74, 40, 0],
		[190, "U5_39", 2235.82, -213.78, "T", "DIP", "GND", "GND", "C", 74, 74, 40, 0],
		[191, "U5_39", 2235.82, -213.78, "B", "DIP", "GND", "GND", "C", 74, 74, 40, 0],
		[192, "U5_40", 2235.82, -113.78, "T", "DIP", "E22_NSS", "", "C", 74, 74, 40, 0],
		[193, "U5_40", 2235.82, -113.78, "B", "DIP", "E22_NSS", "", "C", 74, 74, 40, 0],
		[194, "U6_1", 1788.07, -394.45, "T", "SMD", "GND", "GND", "R", 98.42, 43.31, 0, 180],
		[195, "U6_2", 1788.07, -485, "T", "SMD", "3V3", "", "R", 98.42, 43.31, 0, 180],
		[196, "U6_3", 1788.07, -575.55, "T", "SMD", "5V", "", "R", 98.42, 43.31, 0, 180],
		[197, "U6_4", 2021.93, -485, "T", "SMD", "3V3", "", "R", 92.13, 141.73, 0, 180],
		[198, "U8_1", 1970.59, -1760, "T", "SMD", "VIN", "", "R", 157.48, 236.22, 0, 90],
		[199, "U8_2", 2419.41, -1760, "T", "SMD", "GND", "GND", "R", 157.48, 236.22, 0, 90],
		[200, "U8_3", 1970.59, -710, "T", "SMD", "5V", "", "R", 157.48, 236.22, 0, 90],
		[201, "U8_4", 2419.41, -710, "T", "SMD", "GND", "GND", "R", 157.48, 236.22, 0, 90],
		[202, "U9_1", 1485, -1379.15, "T", "SMD", "GND", "GND", "O", 23.15, 80.51, 0, 0],
		[203, "U9_2", 1535, -1379.15, "T", "SMD", "GND", "GND", "O", 23.15, 80.51, 0, 0],
		[204, "U9_3", 1585, -1379.15, "T", "SMD", "GND", "GND", "O", 23.15, 80.51, 0, 0],
		[205, "U9_4", 1635, -1379.15, "T", "SMD", "GND", "GND", "O", 23.15, 80.51, 0, 0],
		[206, "U9_5", 1635, -1160.85, "T", "SMD", "RPI_IO0", "", "O", 23.15, 80.51, 0, 0],
		[207, "U9_6", 1585, -1160.85, "T", "SMD", "RPI_IO1", "", "O", 23.15, 80.51, 0, 0],
		[208, "U9_7", 1535, -1160.85, "T", "SMD", "$1N7476", "", "O", 23.15, 80.51, 0, 0],
		[209, "U9_8", 1485, -1160.85, "T", "SMD", "3V3", "", "O", 23.15, 80.51, 0, 0]
	]
}
}